<?xml version="1.0" encoding="UTF-8"?>
<!DOCTYPE suite SYSTEM "https://testng.org/testng-1.0.dtd">
<suite name="Suite">
	
	<listeners>
		
		<listener class-name="ECOM_CODE_COMTAINER.ECOM_FRAMEWORK.Listener"></listener>
	</listeners>
  <test thread-count="5" name="Test">
    <classes>
      <class name="ECOM_CODE_COMTAINER.ECOM_FRAMEWORK.standalone_test"/>
    </classes>
  </test> <!-- Test -->
  
  <test name="login error validation">
	  <classes>
		  <class name="ECOM_CODE_COMTAINER.ECOM_FRAMEWORK.Error_validation"></class>
	  </classes>
  </test>
</suite> <!-- Suite -->
