<?xml version="1.0" encoding="UTF-8"?>
<!DOCTYPE suite SYSTEM "https://testng.org/testng-1.0.dtd">

<suite   name="E commerce website">




<listeners>

<listener class-name="FRAMEWORK.PROJ_MAVEN_FRAMEWORK.TestComponent.Listener"></listener>

</listeners>

  <test thread-count="5" name="Framework_test1">
    <classes>
      <class name="FRAMEWORK.PROJ_MAVEN_FRAMEWORK.Framework_test1"/>
     
    </classes>
  </test> <!-- Test -->
  
  
  <test thread-count="5" name ="error validation">
  <classes>
  
  <class name ="FRAMEWORK.PROJ_MAVEN_FRAMEWORK.TestComponent.error_validation"/>
  </classes>
  
  </test>
    
</suite> <!-- Suite -->
