<?xml version="1.0" encoding="UTF-8"?>
<!DOCTYPE suite SYSTEM "https://testng.org/testng-1.0.dtd">
<suite name="Suite">
	
	<listeners>
		
		<listener class-name="Program_Code_Container.Listeners"></listener>
	</listeners>
	
	<!-- 
  <test thread-count="5" name="Loan department">
    <classes>
      <class name="Program_Code_Container.Class1"/>
      <class name="Program_Code_Container.class2"/>
    </classes>
  </test> 
  
  
  <test name="login cases">
	  <classes>
		  
		  <class name="Program_Code_Container.Mobile_test_case">
			  
			  
			  
		  </class>
		  <class name="Program_Code_Container.Web_test_case"></class>
	  </classes>
	  
  </test>
  -->
  
  <!-- when you need to run every java class file of the package-->
<!-- 
  <test name="run_whole_package">
	  <packages>
		  <package name="Program_Code_Container"></package>
	  </packages>
	
	 
  </test>
  
  
  
  -->
<test name="smoke testing">
	
	<groups>
		<run>
			<include name="smoke"></include>
		</run>
	</groups>
	
	<classes>
		
		<class name="Program_Code_Container.Class1"></class>
		<class name="Program_Code_Container.class2"></class>
		<class name="Program_Code_Container.Mobile_test_case"></class>
		<class name="Program_Code_Container.Web_test_case"></class>
		
	</classes>
	
	
</test>

</suite> <!-- Suite -->
