<?xml version="1.0" encoding="UTF-8"?>
<!DOCTYPE suite SYSTEM "https://testng.org/testng-1.0.dtd"> 
    <suite name="test_suite" parallel="tests" thread-count="6">  
    <!--groups>  
    <run>  
    <include name="SmokeTest"/>  
    </run>  
    </groups--> 
        <listeners>
        <listener class-name="Testng_package_for_files.Listeners"/>
        </listeners> 
    <test name="Loan">  
    

    
    
    
    <parameter name="parm1" value="www.paramater at test level.com"></parameter>
    
    <parameter name="parm2" value="www.paramater 2  at test level.com"></parameter>
     <classes>  
     <class name="Testng_package_for_files.Personal_loan"/>  
     
     <class name="Testng_package_for_files.tri"></class>
    
      </classes>
 
      </test> <!-- Test -->  
      
      <test name="Loan2">  
    
     <classes>  
     
      <class name="Testng_package_for_files.car_loan"/>  
      </classes>  
      </test>
      
      
      
      
     </suite> <!-- Suite -->  