<?xml version="1.0" encoding="UTF-8"?>
<!DOCTYPE suite SYSTEM "https://testng.org/testng-1.0.dtd">
<suite name="Suite">


<parameter name="URL" value="https://www.udemy.com/home/my-courses/learning/"/>
<parameter name="URL2" value="123456"></parameter>


<test name = "pick particular cases from every class">



  
<classes>
<class name="Testng_package_for_files.demo"/>
<class name="Testng_package_for_files.forgot_pswd"/>
<class name="Testng_package_for_files.third"/>
</classes>
  </test> <!-- Test -->
</suite> <!-- Suite -->




